{
    "train_losses": [
        127.47221326828003,
        1.824681493971083,
        1.5429452657699585,
        1.4498637914657593,
        1.3961602184507582,
        1.3587804900275335,
        1.3445841471354167,
        1.2892417046758864,
        1.027008205652237,
        0.9443961928288142,
        0.8317243655522665,
        0.8028776049613953,
        0.8341270453400083,
        1.2319289909468756,
        0.8559935490290324,
        0.8832531306478713,
        0.8303527699576484,
        0.7962149911456637,
        0.7978227999475267,
        0.7874885863727994,
        0.7195603450139364,
        0.6369615925682915,
        0.6425858239332835,
        0.6494923167758517,
        0.5396949582629733,
        0.5544520997338824,
        0.5305905706352658,
        0.4914691150188446,
        0.46788785854975384,
        0.5308752871221967,
        0.45117805732621086,
        0.4665654675207204,
        0.4824207127094269,
        0.4376188450389438,
        0.49018488824367523,
        0.44125939905643463,
        0.39691783777541584,
        0.5469808098342683,
        0.3403272670176294,
        0.4438485443695552,
        0.4365181591775682,
        0.36581553229027325,
        0.36602654970354503,
        0.38547882189353305,
        0.3640783205628395,
        0.5459636035892699,
        0.45387443982892567,
        0.31797022745013237,
        0.43065055542522007,
        0.4220959593852361
    ],
    "val_losses": [
        2.2028640508651733,
        1.4764387607574463,
        1.4237592816352844,
        1.366069257259369,
        1.3360539078712463,
        1.2858859300613403,
        1.246641993522644,
        1.0944491922855377,
        1.0541901588439941,
        0.8415263295173645,
        1.534194678068161,
        0.8129622340202332,
        0.7543426752090454,
        0.9027320742607117,
        0.8797836005687714,
        0.8922199308872223,
        0.8780697584152222,
        0.7953930497169495,
        0.8087544739246368,
        0.7809998691082001,
        0.7212192416191101,
        0.7520423531532288,
        0.6197057217359543,
        0.6184454560279846,
        0.6371086537837982,
        0.5360570847988129,
        0.7116773724555969,
        0.5269350111484528,
        0.58563432097435,
        0.5668568015098572,
        0.4801855981349945,
        0.49106723070144653,
        0.4885215163230896,
        0.514131635427475,
        0.439393550157547,
        0.46796031296253204,
        0.4684354215860367,
        0.42478132247924805,
        0.4172196239233017,
        0.44006678462028503,
        0.4654906988143921,
        0.4401380866765976,
        0.4377172440290451,
        0.45102040469646454,
        0.4421510398387909,
        0.4119577407836914,
        0.40943849831819534,
        0.43317364901304245,
        0.44750070571899414,
        0.44240691512823105
    ],
    "train_accs": [
        22.22222222222222,
        16.666666666666668,
        13.88888888888889,
        13.88888888888889,
        27.77777777777778,
        30.555555555555557,
        13.88888888888889,
        50.0,
        50.0,
        50.0,
        52.77777777777778,
        61.111111111111114,
        58.333333333333336,
        55.55555555555556,
        63.888888888888886,
        55.55555555555556,
        69.44444444444444,
        55.55555555555556,
        66.66666666666667,
        47.22222222222222,
        75.0,
        80.55555555555556,
        61.111111111111114,
        69.44444444444444,
        80.55555555555556,
        75.0,
        72.22222222222223,
        72.22222222222223,
        77.77777777777777,
        75.0,
        80.55555555555556,
        77.77777777777777,
        72.22222222222223,
        72.22222222222223,
        72.22222222222223,
        72.22222222222223,
        83.33333333333333,
        61.111111111111114,
        83.33333333333333,
        69.44444444444444,
        77.77777777777777,
        86.11111111111111,
        83.33333333333333,
        77.77777777777777,
        83.33333333333333,
        63.888888888888886,
        75.0,
        91.66666666666667,
        75.0,
        72.22222222222223
    ],
    "val_accs": [
        25.0,
        25.0,
        25.0,
        25.0,
        25.0,
        25.0,
        25.0,
        50.0,
        50.0,
        50.0,
        25.0,
        50.0,
        50.0,
        50.0,
        75.0,
        50.0,
        50.0,
        50.0,
        50.0,
        50.0,
        50.0,
        50.0,
        75.0,
        75.0,
        50.0,
        75.0,
        50.0,
        75.0,
        75.0,
        75.0,
        75.0,
        75.0,
        75.0,
        75.0,
        75.0,
        75.0,
        75.0,
        75.0,
        75.0,
        75.0,
        75.0,
        75.0,
        75.0,
        75.0,
        75.0,
        75.0,
        75.0,
        75.0,
        75.0,
        75.0
    ],
    "best_acc": 75.0,
    "total_time_hours": 0.22788545317120024
}