{
    "train_losses": [
        32.22744459576077,
        1.5428030921353235
    ],
    "val_losses": [
        1.642093688249588,
        1.6146776229143143
    ],
    "train_accs": [
        30.555555555555557,
        13.88888888888889
    ],
    "val_accs": [
        25.0,
        25.0
    ],
    "best_acc": 25.0,
    "total_time_hours": 0.009807860917515225
}