{
    "train_losses": [
        3.2836100362513188,
        3.1985948099707167,
        3.132515702108397,
        3.094336131193342,
        3.0296263736529943,
        3.022474988707661,
        2.984067555413629,
        2.9583125460756956,
        2.926158072652608,
        2.8913285133612416,
        2.8894433496642287,
        2.8765047546720854,
        2.87943923490761,
        2.853608359733637,
        2.8324574674132967,
        2.833398039149542,
        2.8553031897022776,
        2.8261209635838975,
        2.8269841154126354,
        2.8315666759101146,
        2.8316051469232044
    ],
    "val_losses": [
        2.955716086184885,
        2.9380357907512997,
        3.2306316653574547,
        2.8248991264133,
        2.6328237725055126,
        2.734156431551055,
        2.7285553596151155,
        2.707966002516859,
        2.796448764275378,
        2.707583119550089,
        2.736667243514474,
        2.7312073489812416,
        2.6594177559604795,
        2.6847178145656434,
        2.6528064999993393,
        2.6824541655112437,
        2.6684389842776803,
        2.7086862449570903,
        2.691217452710069,
        2.6839874479714343,
        2.6892100326658235
    ],
    "train_accs": [
        8.503649635036496,
        8.722627737226277,
        8.540145985401459,
        8.75912408759124,
        9.343065693430656,
        9.197080291970803,
        9.16058394160584,
        8.357664233576642,
        8.978102189781023,
        9.233576642335766,
        10.0,
        9.489051094890511,
        9.05109489051095,
        8.722627737226277,
        9.817518248175183,
        10.036496350364963,
        8.211678832116789,
        9.562043795620438,
        8.978102189781023,
        10.10948905109489,
        8.905109489051094
    ],
    "val_accs": [
        17.834645669291337,
        12.913385826771654,
        7.559055118110236,
        9.094488188976378,
        14.84251968503937,
        11.023622047244094,
        13.818897637795276,
        8.188976377952756,
        7.952755905511811,
        9.330708661417322,
        9.68503937007874,
        9.251968503937007,
        13.818897637795276,
        12.559055118110237,
        9.803149606299213,
        11.299212598425196,
        17.559055118110237,
        14.68503937007874,
        12.874015748031496,
        15.15748031496063,
        8.149606299212598
    ],
    "best_acc": 17.834645669291337,
    "total_time_hours": 0.8045643309752146,
    "class_names": [
        "Abuse",
        "Arrest",
        "Arson",
        "Assault",
        "Burglary",
        "Explosion",
        "Fighting",
        "Normal",
        "RoadAccidents",
        "Robbery",
        "Shooting",
        "Shoplifting",
        "Stealing",
        "Vandalism"
    ],
    "config": {
        "data_dir": "D:\\Intelligent-Video-Surveillance-System-Using-Deep-Learning\\data\\data",
        "train_split": "D:\\Intelligent-Video-Surveillance-System-Using-Deep-Learning\\data\\data\\UCF_Crimes-Train-Test-Split\\Action_Regnition_splits\\train_001.txt",
        "output_dir": "D:\\project_main\\trained_models_stable",
        "epochs": 100,
        "batch_size": 4,
        "lr": 0.0001,
        "clip_len": 16,
        "clips_per_video": 5,
        "num_workers": 2,
        "resume": "",
        "max_normal_ratio": 1.5,
        "accumulation_steps": 2
    }
}